Дата,Проект,цена,Номеров,Использовали,Источник,как собиралось,Ответственный,link,статус,комментарий
29.09.2017,530,2.6,6903,171,Youtags,Support,Rafaelia,http://homestead.com/congue/risus.aspx?nulla=tempor&justo=turpis&aliquam=nec&quis=euismod&turpis=scelerisque&eget=quam&elit=turpis&sodales=adipiscing&scelerisque=lorem&mauris=vitae&sit=mattis&amet=nibh&eros=ligula&suspendisse=nec&accumsan=sem&tortor=duis&quis=aliquam&turpis=convallis&sed=nunc&ante=proin&vivamus=at&tortor=turpis&duis=a&mattis=pede&egestas=posuere&metus=nonummy&aenean=integer&fermentum=non&donec=velit&ut=donec&mauris=diam&eget=neque&massa=vestibulum&tempor=eget&convallis=vulputate&nulla=ut&neque=ultrices&libero=vel&convallis=augue&eget=vestibulum&eleifend=ante&luctus=ipsum&ultricies=primis&eu=in&nibh=faucibus&quisque=orci&id=luctus&justo=et&sit=ultrices&amet=posuere&sapien=cubilia&dignissim=curae&vestibulum=donec&vestibulum=pharetra&ante=magna&ipsum=vestibulum&primis=aliquet&in=ultrices&faucibus=erat&orci=tortor&luctus=sollicitudin&et=mi&ultrices=sit&posuere=amet&cubilia=lobortis&curae=sapien&nulla=sapien&dapibus=non&dolor=mi&vel=integer&est=ac&donec=neque&odio=duis&justo=bibendum&sollicitudin=morbi&ut=non&suscipit=quam&a=nec&feugiat=dui&et=luctus&eros=rutrum&vestibulum=nulla&ac=tellus&est=in&lacinia=sagittis&nisi=dui&venenatis=vel&tristique=nisl&fusce=duis&congue=ac,false,
30.07.2018,S-Class,96.3,6610,762,Thoughtblab,Sales,Sue,https://usa.gov/in/consequat/ut.jsp?massa=praesent&volutpat=blandit&convallis=nam&morbi=nulla&odio=integer&odio=pede&elementum=justo&eu=lacinia&interdum=eget&eu=tincidunt&tincidunt=eget&in=tempus&leo=vel&maecenas=pede&pulvinar=morbi&lobortis=porttitor&est=lorem&phasellus=id&sit=ligula&amet=suspendisse&erat=ornare&nulla=consequat&tempus=lectus&vivamus=in&in=est&felis=risus&eu=auctor&sapien=sed&cursus=tristique&vestibulum=in&proin=tempus&eu=sit&mi=amet&nulla=sem&ac=fusce&enim=consequat&in=nulla&tempor=nisl&turpis=nunc&nec=nisl&euismod=duis&scelerisque=bibendum&quam=felis&turpis=sed&adipiscing=interdum&lorem=venenatis&vitae=turpis&mattis=enim&nibh=blandit&ligula=mi&nec=in&sem=porttitor&duis=pede&aliquam=justo&convallis=eu&nunc=massa&proin=donec&at=dapibus&turpis=duis&a=at&pede=velit&posuere=eu&nonummy=est&integer=congue&non=elementum&velit=in&donec=hac&diam=habitasse&neque=platea&vestibulum=dictumst&eget=morbi&vulputate=vestibulum&ut=velit&ultrices=id&vel=pretium&augue=iaculis,,
18.05.2019,Soul,45.9,2096,860,Camimbo,Engineering,Sol,http://artisteer.com/pellentesque/volutpat/dui/maecenas/tristique/est.png?at=posuere&lorem=nonummy&integer=integer&tincidunt=non&ante=velit&vel=donec&ipsum=diam&praesent=neque&blandit=vestibulum&lacinia=eget&erat=vulputate&vestibulum=ut&sed=ultrices&magna=vel&at=augue&nunc=vestibulum&commodo=ante&placerat=ipsum&praesent=primis&blandit=in&nam=faucibus&nulla=orci&integer=luctus&pede=et&justo=ultrices&lacinia=posuere&eget=cubilia&tincidunt=curae&eget=donec&tempus=pharetra&vel=magna&pede=vestibulum&morbi=aliquet&porttitor=ultrices&lorem=erat&id=tortor,,Proactive
11.01.2019,Grand Caravan,2.9,4467,100,Eare,Product Management,Carmon,,,
27.05.2018,Century,97.4,2792,650,Shufflebeat,Engineering,Alano,http://cdc.gov/pulvinar/nulla/pede.aspx?et=hac&magnis=habitasse&dis=platea&parturient=dictumst&montes=morbi&nascetur=vestibulum&ridiculus=velit&mus=id&vivamus=pretium&vestibulum=iaculis&sagittis=diam&sapien=erat&cum=fermentum&sociis=justo&natoque=nec&penatibus=condimentum&et=neque&magnis=sapien&dis=placerat&parturient=ante&montes=nulla&nascetur=justo&ridiculus=aliquam&mus=quis&etiam=turpis&vel=eget&augue=elit&vestibulum=sodales&rutrum=scelerisque&rutrum=mauris&neque=sit&aenean=amet&auctor=eros&gravida=suspendisse&sem=accumsan&praesent=tortor&id=quis&massa=turpis&id=sed&nisl=ante&venenatis=vivamus&lacinia=tortor&aenean=duis&sit=mattis&amet=egestas&justo=metus&morbi=aenean&ut=fermentum&odio=donec&cras=ut&mi=mauris&pede=eget&malesuada=massa&in=tempor&imperdiet=convallis&et=nulla&commodo=neque&vulputate=libero&justo=convallis&in=eget&blandit=eleifend&ultrices=luctus&enim=ultricies&lorem=eu&ipsum=nibh&dolor=quisque&sit=id&amet=justo&consectetuer=sit&adipiscing=amet&elit=sapien&proin=dignissim&interdum=vestibulum&mauris=vestibulum&non=ante&ligula=ipsum&pellentesque=primis&ultrices=in,false,
11.04.2019,Colorado,105.2,1698,715,Flashdog,Engineering,Purcell,,true,
28.11.2018,Astro,46.3,4440,837,Blogtags,Training,Nerti,,,system engine
25.12.2018,Continental GTC,131.3,4096,249,Blognation,Legal,Annmaria,,true,
24.03.2020,1500 Club Coupe,3.8,4866,457,Dynazzy,Research and Development,Sutherland,http://yelp.com/sapien/quis/libero/nullam/sit/amet.json?quam=augue&suspendisse=luctus&potenti=tincidunt&nullam=nulla&porttitor=mollis&lacus=molestie&at=lorem&turpis=quisque&donec=ut&posuere=erat&metus=curabitur&vitae=gravida&ipsum=nisi&aliquam=at&non=nibh&mauris=in&morbi=hac&non=habitasse&lectus=platea&aliquam=dictumst&sit=aliquam&amet=augue&diam=quam&in=sollicitudin&magna=vitae&bibendum=consectetuer&imperdiet=eget&nullam=rutrum&orci=at&pede=lorem&venenatis=integer&non=tincidunt&sodales=ante&sed=vel&tincidunt=ipsum&eu=praesent&felis=blandit&fusce=lacinia&posuere=erat&felis=vestibulum&sed=sed&lacus=magna&morbi=at&sem=nunc&mauris=commodo&laoreet=placerat&ut=praesent&rhoncus=blandit&aliquet=nam&pulvinar=nulla&sed=integer&nisl=pede&nunc=justo&rhoncus=lacinia&dui=eget&vel=tincidunt&sem=eget&sed=tempus&sagittis=vel&nam=pede&congue=morbi&risus=porttitor&semper=lorem&porta=id&volutpat=ligula&quam=suspendisse&pede=ornare&lobortis=consequat&ligula=lectus&sit=in&amet=est&eleifend=risus&pede=auctor&libero=sed&quis=tristique&orci=in&nullam=tempus&molestie=sit&nibh=amet&in=sem,,
09.12.2018,A4,130.7,9493,345,Bluezoom,,Hoyt,,,
27.09.2017,Scoupe,136.4,7473,436,Kwimbee,,Katine,,false,
04.07.2017,Silhouette,20.9,3213,155,Agivu,Sales,Rori,,false,
27.10.2017,Maxima,130.0,7153,101,Quinu,Research and Development,Rutter,https://fastcompany.com/amet/sem.aspx?nec=elit&dui=proin&luctus=interdum&rutrum=mauris&nulla=non&tellus=ligula&in=pellentesque&sagittis=ultrices&dui=phasellus&vel=id&nisl=sapien&duis=in&ac=sapien&nibh=iaculis&fusce=congue&lacus=vivamus&purus=metus&aliquet=arcu&at=adipiscing,false,moratorium
25.08.2019,Cabriolet,80.0,6731,729,Skinder,Business Development,Hallie,,,
22.05.2019,RAV4,8.3,7028,278,Kanoodle,,Aile,,false,
21.05.2020,Frontier,62.8,7006,916,Devpoint,Business Development,Peyter,,false,
22.10.2019,Mazdaspeed6,128.1,3459,762,Leenti,Human Resources,Stevana,,false,
21.03.2020,3000GT,136.2,4238,401,Skilith,Accounting,Paulette,,,success
28.02.2017,Civic,15.8,6884,979,Jatri,,Davide,,true,
17.03.2018,Mustang,44.3,1419,551,Ainyx,Support,Guillaume,http://dedecms.com/sed/vel/enim/sit/amet/nunc.js?eleifend=dolor&pede=morbi&libero=vel&quis=lectus&orci=in&nullam=quam&molestie=fringilla&nibh=rhoncus&in=mauris&lectus=enim&pellentesque=leo&at=rhoncus&nulla=sed&suspendisse=vestibulum&potenti=sit&cras=amet&in=cursus&purus=id&eu=turpis&magna=integer&vulputate=aliquet&luctus=massa&cum=id&sociis=lobortis&natoque=convallis&penatibus=tortor&et=risus&magnis=dapibus&dis=augue&parturient=vel&montes=accumsan&nascetur=tellus&ridiculus=nisi&mus=eu&vivamus=orci&vestibulum=mauris&sagittis=lacinia,,
22.02.2020,Aveo,77.1,2629,928,Livetube,Research and Development,Elsbeth,,true,
27.11.2019,E-Series,43.3,5630,253,Thoughtsphere,Training,Weston,,true,
11.11.2019,XLR-V,46.5,2154,682,Edgepulse,Business Development,Wynn,https://quantcast.com/justo.json?posuere=dui&nonummy=luctus&integer=rutrum&non=nulla&velit=tellus&donec=in&diam=sagittis&neque=dui&vestibulum=vel&eget=nisl&vulputate=duis&ut=ac&ultrices=nibh&vel=fusce&augue=lacus&vestibulum=purus&ante=aliquet&ipsum=at&primis=feugiat&in=non&faucibus=pretium&orci=quis,true,
10.08.2018,Econoline E350,69.3,8059,154,Skinder,Business Development,Frederich,,false,
29.07.2019,Kizashi,66.9,7353,399,Yacero,,Priscilla,,false,Streamlined
16.01.2018,Caravan,19.7,6928,163,Tambee,,Janina,,true,
29.11.2019,Impulse,14.6,4223,148,Zoombox,Training,Georgiana,http://cdbaby.com/vitae.js?amet=eget&erat=vulputate&nulla=ut&tempus=ultrices&vivamus=vel&in=augue&felis=vestibulum&eu=ante&sapien=ipsum&cursus=primis&vestibulum=in&proin=faucibus&eu=orci&mi=luctus&nulla=et&ac=ultrices&enim=posuere&in=cubilia&tempor=curae&turpis=donec&nec=pharetra&euismod=magna&scelerisque=vestibulum&quam=aliquet&turpis=ultrices&adipiscing=erat&lorem=tortor&vitae=sollicitudin&mattis=mi&nibh=sit&ligula=amet&nec=lobortis&sem=sapien&duis=sapien&aliquam=non&convallis=mi&nunc=integer&proin=ac&at=neque&turpis=duis&a=bibendum&pede=morbi&posuere=non&nonummy=quam&integer=nec&non=dui&velit=luctus&donec=rutrum&diam=nulla&neque=tellus&vestibulum=in&eget=sagittis&vulputate=dui&ut=vel&ultrices=nisl&vel=duis&augue=ac&vestibulum=nibh&ante=fusce&ipsum=lacus&primis=purus&in=aliquet&faucibus=at&orci=feugiat&luctus=non&et=pretium&ultrices=quis&posuere=lectus&cubilia=suspendisse&curae=potenti&donec=in&pharetra=eleifend&magna=quam&vestibulum=a&aliquet=odio&ultrices=in&erat=hac&tortor=habitasse&sollicitudin=platea&mi=dictumst&sit=maecenas&amet=ut&lobortis=massa&sapien=quis&sapien=augue&non=luctus&mi=tincidunt&integer=nulla&ac=mollis&neque=molestie&duis=lorem&bibendum=quisque&morbi=ut&non=erat,false,
26.01.2017,Milan,80.4,1832,131,Wikido,Accounting,Bengt,https://marriott.com/eu/nibh/quisque/id/justo/sit/amet.aspx?morbi=cum&quis=sociis&tortor=natoque&id=penatibus&nulla=et&ultrices=magnis&aliquet=dis&maecenas=parturient&leo=montes&odio=nascetur&condimentum=ridiculus&id=mus&luctus=vivamus&nec=vestibulum&molestie=sagittis&sed=sapien&justo=cum&pellentesque=sociis&viverra=natoque&pede=penatibus&ac=et&diam=magnis&cras=dis&pellentesque=parturient&volutpat=montes&dui=nascetur&maecenas=ridiculus&tristique=mus&est=etiam&et=vel&tempus=augue&semper=vestibulum&est=rutrum&quam=rutrum,,
24.03.2017,5 Series,50.7,3207,835,Cogilith,Business Development,Vinnie,http://berkeley.edu/amet/nulla/quisque/arcu/libero/rutrum.html?mi=rutrum&in=nulla&porttitor=nunc&pede=purus&justo=phasellus&eu=in&massa=felis&donec=donec&dapibus=semper&duis=sapien&at=a&velit=libero&eu=nam&est=dui&congue=proin&elementum=leo&in=odio&hac=porttitor&habitasse=id&platea=consequat&dictumst=in&morbi=consequat&vestibulum=ut&velit=nulla&id=sed&pretium=accumsan&iaculis=felis&diam=ut&erat=at&fermentum=dolor&justo=quis&nec=odio&condimentum=consequat&neque=varius&sapien=integer&placerat=ac&ante=leo&nulla=pellentesque&justo=ultrices&aliquam=mattis&quis=odio&turpis=donec&eget=vitae&elit=nisi&sodales=nam&scelerisque=ultrices&mauris=libero&sit=non&amet=mattis&eros=pulvinar&suspendisse=nulla&accumsan=pede&tortor=ullamcorper&quis=augue&turpis=a,true,Realigned
25.10.2018,Tundra,5.7,7414,370,Jamia,Sales,Conchita,,false,
05.12.2017,Lucerne,60.7,5948,519,Jatri,Human Resources,Alexis,,true,
30.08.2020,Bravada,9.4,1728,609,Meembee,Accounting,Eydie,,true,
21.06.2018,Legacy,104.3,9110,854,Zoomzone,,Bancroft,http://histats.com/ante/ipsum/primis.aspx?curae=lobortis&duis=vel,true,global
31.03.2018,Aspire,120.9,5175,813,Youspan,Sales,Frederigo,http://mail.ru/curae/duis/faucibus/accumsan/odio.png?cubilia=purus&curae=phasellus&donec=in&pharetra=felis&magna=donec&vestibulum=semper&aliquet=sapien&ultrices=a&erat=libero&tortor=nam&sollicitudin=dui&mi=proin&sit=leo&amet=odio&lobortis=porttitor&sapien=id&sapien=consequat&non=in&mi=consequat&integer=ut&ac=nulla&neque=sed&duis=accumsan&bibendum=felis&morbi=ut&non=at&quam=dolor&nec=quis&dui=odio&luctus=consequat&rutrum=varius&nulla=integer&tellus=ac&in=leo&sagittis=pellentesque&dui=ultrices&vel=mattis&nisl=odio&duis=donec&ac=vitae&nibh=nisi&fusce=nam&lacus=ultrices&purus=libero&aliquet=non&at=mattis&feugiat=pulvinar&non=nulla&pretium=pede&quis=ullamcorper&lectus=augue&suspendisse=a&potenti=suscipit,false,
29.05.2018,GTO,85.1,6335,454,Oyondu,,Mercedes,,false,
14.10.2017,S6,90.5,2744,193,Jetpulse,,Robbin,http://bing.com/purus.json?id=imperdiet&nisl=nullam&venenatis=orci&lacinia=pede&aenean=venenatis&sit=non&amet=sodales&justo=sed&morbi=tincidunt&ut=eu&odio=felis&cras=fusce&mi=posuere&pede=felis&malesuada=sed&in=lacus&imperdiet=morbi&et=sem&commodo=mauris&vulputate=laoreet&justo=ut&in=rhoncus&blandit=aliquet&ultrices=pulvinar&enim=sed&lorem=nisl&ipsum=nunc&dolor=rhoncus&sit=dui&amet=vel&consectetuer=sem&adipiscing=sed&elit=sagittis&proin=nam&interdum=congue&mauris=risus&non=semper&ligula=porta&pellentesque=volutpat&ultrices=quam&phasellus=pede&id=lobortis&sapien=ligula&in=sit&sapien=amet&iaculis=eleifend&congue=pede&vivamus=libero&metus=quis&arcu=orci&adipiscing=nullam&molestie=molestie&hendrerit=nibh&at=in,true,
03.08.2020,Esprit,124.5,9271,300,Oyoloo,Human Resources,Brigit,http://zdnet.com/sem/fusce/consequat/nulla/nisl/nunc.xml?congue=quam&diam=sapien&id=varius&ornare=ut&imperdiet=blandit&sapien=non&urna=interdum&pretium=in&nisl=ante&ut=vestibulum&volutpat=ante&sapien=ipsum&arcu=primis&sed=in&augue=faucibus&aliquam=orci&erat=luctus&volutpat=et&in=ultrices&congue=posuere&etiam=cubilia&justo=curae&etiam=duis&pretium=faucibus&iaculis=accumsan&justo=odio&in=curabitur&hac=convallis&habitasse=duis&platea=consequat&dictumst=dui&etiam=nec&faucibus=nisi&cursus=volutpat&urna=eleifend&ut=donec&tellus=ut&nulla=dolor&ut=morbi&erat=vel&id=lectus&mauris=in&vulputate=quam&elementum=fringilla&nullam=rhoncus&varius=mauris&nulla=enim&facilisi=leo&cras=rhoncus&non=sed&velit=vestibulum&nec=sit&nisi=amet&vulputate=cursus&nonummy=id&maecenas=turpis&tincidunt=integer&lacus=aliquet&at=massa&velit=id&vivamus=lobortis&vel=convallis&nulla=tortor&eget=risus,false,
22.11.2018,Thunderbird,139.2,5391,596,Eayo,Marketing,Milka,http://springer.com/vestibulum/sed/magna/at/nunc/commodo.js?diam=vestibulum&neque=sagittis&vestibulum=sapien&eget=cum&vulputate=sociis&ut=natoque&ultrices=penatibus&vel=et&augue=magnis&vestibulum=dis&ante=parturient&ipsum=montes&primis=nascetur&in=ridiculus&faucibus=mus&orci=etiam&luctus=vel&et=augue&ultrices=vestibulum&posuere=rutrum&cubilia=rutrum&curae=neque&donec=aenean&pharetra=auctor&magna=gravida&vestibulum=sem&aliquet=praesent&ultrices=id&erat=massa&tortor=id&sollicitudin=nisl&mi=venenatis&sit=lacinia&amet=aenean&lobortis=sit&sapien=amet&sapien=justo&non=morbi&mi=ut&integer=odio&ac=cras&neque=mi&duis=pede&bibendum=malesuada&morbi=in&non=imperdiet&quam=et&nec=commodo&dui=vulputate&luctus=justo&rutrum=in&nulla=blandit&tellus=ultrices&in=enim&sagittis=lorem&dui=ipsum&vel=dolor&nisl=sit&duis=amet&ac=consectetuer&nibh=adipiscing&fusce=elit&lacus=proin&purus=interdum&aliquet=mauris&at=non&feugiat=ligula&non=pellentesque&pretium=ultrices&quis=phasellus&lectus=id&suspendisse=sapien&potenti=in&in=sapien&eleifend=iaculis&quam=congue&a=vivamus&odio=metus&in=arcu&hac=adipiscing&habitasse=molestie&platea=hendrerit&dictumst=at&maecenas=vulputate&ut=vitae&massa=nisl&quis=aenean&augue=lectus&luctus=pellentesque&tincidunt=eget,true,
13.05.2017,Truck,9.0,3134,693,Mymm,Business Development,Joyan,,true,
10.02.2020,LTD Crown Victoria,53.4,9465,421,Blogtag,Accounting,Dorey,,,
09.08.2017,Caravan,56.3,4876,568,Photojam,Training,Ibby,,true,
19.04.2020,Dakota Club,64.0,4358,209,Realblab,Sales,Ardelle,,,
13.08.2020,Mazda6,99.6,2008,80,Linklinks,,Nikola,,false,hardware
29.01.2017,Colorado,16.4,3604,294,Divavu,Training,Brett,,false,
27.02.2020,E-Series,117.8,3638,502,Yakitri,Legal,Robinet,,true,
09.06.2017,Xterra,91.9,4793,954,Edgetag,Accounting,Mordy,,true,User-centric
13.03.2018,Diamante,92.7,4773,188,Blogspan,,Gaye,,true,
29.11.2017,Swift,99.3,1465,977,Avavee,Support,Boony,https://vk.com/mollis/molestie/lorem.aspx?varius=ultrices&ut=posuere&blandit=cubilia&non=curae&interdum=duis&in=faucibus&ante=accumsan&vestibulum=odio&ante=curabitur&ipsum=convallis&primis=duis&in=consequat&faucibus=dui&orci=nec&luctus=nisi&et=volutpat&ultrices=eleifend&posuere=donec&cubilia=ut&curae=dolor&duis=morbi&faucibus=vel&accumsan=lectus&odio=in&curabitur=quam&convallis=fringilla&duis=rhoncus&consequat=mauris&dui=enim&nec=leo&nisi=rhoncus&volutpat=sed&eleifend=vestibulum&donec=sit&ut=amet&dolor=cursus&morbi=id&vel=turpis&lectus=integer&in=aliquet&quam=massa&fringilla=id&rhoncus=lobortis&mauris=convallis&enim=tortor&leo=risus&rhoncus=dapibus&sed=augue&vestibulum=vel&sit=accumsan&amet=tellus&cursus=nisi&id=eu&turpis=orci&integer=mauris&aliquet=lacinia&massa=sapien&id=quis&lobortis=libero&convallis=nullam&tortor=sit&risus=amet&dapibus=turpis&augue=elementum&vel=ligula&accumsan=vehicula&tellus=consequat&nisi=morbi&eu=a&orci=ipsum&mauris=integer&lacinia=a&sapien=nibh&quis=in&libero=quis&nullam=justo&sit=maecenas&amet=rhoncus&turpis=aliquam&elementum=lacus&ligula=morbi&vehicula=quis&consequat=tortor&morbi=id&a=nulla&ipsum=ultrices&integer=aliquet,,disintermediate
14.10.2018,Avalanche,45.1,7513,565,Quire,,Arlena,,,instruction set
23.01.2019,Windstar,96.3,6742,123,Avamba,,Joanne,,,
15.12.2017,Miata MX-5,74.2,1756,317,Feedfire,Training,Demott,,,Networked
07.04.2018,3500,73.5,7196,497,Innojam,Services,Rey,http://edublogs.org/nulla.jsp?pede=vehicula&lobortis=consequat&ligula=morbi&sit=a&amet=ipsum&eleifend=integer&pede=a&libero=nibh&quis=in&orci=quis&nullam=justo&molestie=maecenas&nibh=rhoncus&in=aliquam&lectus=lacus&pellentesque=morbi&at=quis&nulla=tortor&suspendisse=id&potenti=nulla&cras=ultrices&in=aliquet&purus=maecenas&eu=leo&magna=odio&vulputate=condimentum&luctus=id&cum=luctus&sociis=nec&natoque=molestie&penatibus=sed&et=justo&magnis=pellentesque&dis=viverra&parturient=pede&montes=ac&nascetur=diam&ridiculus=cras&mus=pellentesque&vivamus=volutpat&vestibulum=dui&sagittis=maecenas&sapien=tristique&cum=est&sociis=et&natoque=tempus&penatibus=semper&et=est,false,
01.04.2017,Passport,76.6,3610,74,Topiczoom,,Olimpia,,true,
13.04.2018,Villager,103.6,9003,811,Babbleblab,Research and Development,Audrie,https://reverbnation.com/est/phasellus/sit/amet.html?proin=vel&at=ipsum&turpis=praesent&a=blandit&pede=lacinia&posuere=erat&nonummy=vestibulum&integer=sed&non=magna&velit=at&donec=nunc&diam=commodo&neque=placerat&vestibulum=praesent&eget=blandit&vulputate=nam&ut=nulla&ultrices=integer&vel=pede&augue=justo&vestibulum=lacinia&ante=eget&ipsum=tincidunt&primis=eget&in=tempus&faucibus=vel&orci=pede&luctus=morbi&et=porttitor&ultrices=lorem&posuere=id&cubilia=ligula&curae=suspendisse&donec=ornare&pharetra=consequat&magna=lectus&vestibulum=in&aliquet=est&ultrices=risus&erat=auctor&tortor=sed&sollicitudin=tristique&mi=in&sit=tempus&amet=sit,false,
15.05.2020,Vanagon,134.6,6105,146,Dabshots,,Jessie,,false,
30.07.2019,Impala,19.9,8088,903,Photospace,Legal,Bartie,https://exblog.jp/at/dolor/quis.jpg?suscipit=adipiscing&ligula=elit&in=proin&lacus=risus&curabitur=praesent&at=lectus&ipsum=vestibulum&ac=quam&tellus=sapien&semper=varius&interdum=ut&mauris=blandit&ullamcorper=non&purus=interdum&sit=in&amet=ante&nulla=vestibulum&quisque=ante,false,
05.05.2018,Wrangler,60.5,3127,519,Avamba,,Benedicto,,true,system-worthy
30.12.2017,E250,50.8,7662,183,Bubblebox,Services,Willem,,true,analyzing
19.06.2019,Z4,129.2,5043,730,DabZ,Product Management,Aubert,https://google.ca/cursus/vestibulum/proin/eu/mi.js?quam=libero&fringilla=non&rhoncus=mattis&mauris=pulvinar&enim=nulla&leo=pede&rhoncus=ullamcorper&sed=augue&vestibulum=a&sit=suscipit&amet=nulla&cursus=elit&id=ac&turpis=nulla&integer=sed&aliquet=vel&massa=enim&id=sit&lobortis=amet&convallis=nunc&tortor=viverra&risus=dapibus&dapibus=nulla&augue=suscipit&vel=ligula&accumsan=in&tellus=lacus&nisi=curabitur&eu=at,,
05.01.2018,New Yorker,58.1,3968,258,Aivee,Engineering,Tracy,,true,instruction set
27.12.2018,Navigator,83.2,4143,362,Voonder,,Ad,,true,
02.08.2018,Camry,127.9,6462,234,Edgewire,Legal,Caesar,http://yale.edu/id/lobortis/convallis/tortor.jpg?nulla=est&ultrices=et&aliquet=tempus&maecenas=semper&leo=est&odio=quam&condimentum=pharetra&id=magna&luctus=ac&nec=consequat&molestie=metus&sed=sapien&justo=ut&pellentesque=nunc&viverra=vestibulum&pede=ante&ac=ipsum&diam=primis&cras=in&pellentesque=faucibus&volutpat=orci&dui=luctus&maecenas=et&tristique=ultrices&est=posuere&et=cubilia&tempus=curae&semper=mauris&est=viverra&quam=diam&pharetra=vitae&magna=quam&ac=suspendisse&consequat=potenti&metus=nullam&sapien=porttitor&ut=lacus&nunc=at&vestibulum=turpis&ante=donec&ipsum=posuere&primis=metus&in=vitae&faucibus=ipsum&orci=aliquam&luctus=non&et=mauris&ultrices=morbi&posuere=non&cubilia=lectus&curae=aliquam&mauris=sit&viverra=amet&diam=diam&vitae=in&quam=magna&suspendisse=bibendum&potenti=imperdiet&nullam=nullam&porttitor=orci&lacus=pede&at=venenatis,,transitional
02.12.2019,Jimmy,62.8,3043,524,Voonix,Product Management,Gay,,,
22.12.2019,Cabriolet,3.3,5935,25,Eazzy,,Elmore,http://ebay.com/natoque/penatibus/et/magnis/dis.json?a=id&feugiat=pretium&et=iaculis&eros=diam&vestibulum=erat&ac=fermentum&est=justo&lacinia=nec&nisi=condimentum&venenatis=neque&tristique=sapien&fusce=placerat&congue=ante&diam=nulla&id=justo&ornare=aliquam&imperdiet=quis&sapien=turpis&urna=eget&pretium=elit&nisl=sodales&ut=scelerisque&volutpat=mauris&sapien=sit&arcu=amet&sed=eros&augue=suspendisse&aliquam=accumsan&erat=tortor&volutpat=quis&in=turpis&congue=sed&etiam=ante&justo=vivamus&etiam=tortor&pretium=duis&iaculis=mattis&justo=egestas&in=metus&hac=aenean&habitasse=fermentum&platea=donec&dictumst=ut&etiam=mauris&faucibus=eget&cursus=massa&urna=tempor&ut=convallis&tellus=nulla&nulla=neque&ut=libero&erat=convallis&id=eget&mauris=eleifend&vulputate=luctus&elementum=ultricies&nullam=eu&varius=nibh&nulla=quisque&facilisi=id&cras=justo&non=sit&velit=amet&nec=sapien&nisi=dignissim&vulputate=vestibulum&nonummy=vestibulum&maecenas=ante&tincidunt=ipsum&lacus=primis&at=in&velit=faucibus&vivamus=orci&vel=luctus&nulla=et&eget=ultrices&eros=posuere&elementum=cubilia&pellentesque=curae&quisque=nulla&porta=dapibus&volutpat=dolor&erat=vel&quisque=est&erat=donec&eros=odio&viverra=justo&eget=sollicitudin&congue=ut&eget=suscipit&semper=a&rutrum=feugiat&nulla=et&nunc=eros,true,
25.04.2018,Expo,83.6,8555,744,Kimia,Accounting,Sydney,,false,
23.01.2018,Savana 3500,44.4,9819,401,Livetube,Human Resources,Dominique,,false,
23.03.2020,Camaro,83.8,6840,600,Agimba,Business Development,Bradford,http://loc.gov/ligula/pellentesque/ultrices/phasellus/id/sapien/in.jsp?nec=sapien&nisi=sapien&volutpat=non&eleifend=mi&donec=integer&ut=ac&dolor=neque&morbi=duis&vel=bibendum&lectus=morbi&in=non&quam=quam&fringilla=nec&rhoncus=dui&mauris=luctus&enim=rutrum&leo=nulla&rhoncus=tellus&sed=in&vestibulum=sagittis&sit=dui&amet=vel&cursus=nisl&id=duis&turpis=ac&integer=nibh&aliquet=fusce&massa=lacus&id=purus&lobortis=aliquet&convallis=at&tortor=feugiat&risus=non&dapibus=pretium&augue=quis,,
26.06.2020,Corvette,139.2,5253,806,Topiczoom,Research and Development,Clarke,,false,background
16.09.2019,Sonoma,36.3,6612,20,Youbridge,Support,Brandtr,,true,
07.03.2019,Landaulet,80.1,2762,198,Avamba,Sales,Gaston,,,
07.10.2019,Fairlane,29.5,7871,707,LiveZ,Accounting,Tresa,https://salon.com/nisi.js?rhoncus=pede&mauris=morbi&enim=porttitor&leo=lorem&rhoncus=id&sed=ligula&vestibulum=suspendisse&sit=ornare&amet=consequat&cursus=lectus&id=in&turpis=est&integer=risus&aliquet=auctor&massa=sed&id=tristique&lobortis=in&convallis=tempus&tortor=sit&risus=amet&dapibus=sem&augue=fusce&vel=consequat&accumsan=nulla&tellus=nisl&nisi=nunc&eu=nisl&orci=duis&mauris=bibendum&lacinia=felis&sapien=sed&quis=interdum&libero=venenatis&nullam=turpis&sit=enim&amet=blandit&turpis=mi&elementum=in&ligula=porttitor&vehicula=pede&consequat=justo&morbi=eu&a=massa&ipsum=donec&integer=dapibus&a=duis&nibh=at&in=velit&quis=eu&justo=est&maecenas=congue&rhoncus=elementum&aliquam=in&lacus=hac&morbi=habitasse&quis=platea&tortor=dictumst&id=morbi&nulla=vestibulum&ultrices=velit&aliquet=id&maecenas=pretium&leo=iaculis&odio=diam&condimentum=erat&id=fermentum&luctus=justo&nec=nec&molestie=condimentum&sed=neque&justo=sapien&pellentesque=placerat&viverra=ante&pede=nulla&ac=justo&diam=aliquam&cras=quis&pellentesque=turpis&volutpat=eget&dui=elit&maecenas=sodales&tristique=scelerisque&est=mauris&et=sit&tempus=amet&semper=eros&est=suspendisse&quam=accumsan&pharetra=tortor,true,
13.02.2019,944,131.6,8148,780,Youfeed,Training,Melloney,http://dagondesign.com/metus/sapien/ut.js?integer=erat&non=quisque&velit=erat&donec=eros&diam=viverra&neque=eget&vestibulum=congue&eget=eget&vulputate=semper&ut=rutrum&ultrices=nulla&vel=nunc&augue=purus&vestibulum=phasellus&ante=in,false,
24.11.2017,E-Series,87.6,6725,890,Vinder,Engineering,Marten,,true,
29.08.2018,Aero 8,133.0,5775,491,Youfeed,,Otis,,,
21.03.2017,X6,34.3,2476,803,Skynoodle,,Donnie,https://dot.gov/maecenas/rhoncus/aliquam/lacus/morbi/quis.html?erat=nulla&eros=dapibus&viverra=dolor&eget=vel,,
07.09.2017,DeVille,96.4,8719,892,Agivu,Product Management,Kellen,,true,leverage
08.10.2019,626,19.2,9469,494,Feedfish,Human Resources,Rozele,https://imdb.com/pellentesque/volutpat.png?in=non&faucibus=mi&orci=integer&luctus=ac&et=neque&ultrices=duis&posuere=bibendum&cubilia=morbi&curae=non&donec=quam&pharetra=nec,true,
13.08.2018,Quattroporte,45.6,1362,127,Leexo,Engineering,Binnie,http://craigslist.org/in.json?morbi=sapien&vel=quis&lectus=libero&in=nullam&quam=sit&fringilla=amet&rhoncus=turpis&mauris=elementum&enim=ligula&leo=vehicula&rhoncus=consequat&sed=morbi&vestibulum=a&sit=ipsum&amet=integer&cursus=a,false,
18.03.2019,Skylark,134.7,7773,57,Ntags,Training,Maddie,,,
02.02.2018,Envoy,8.9,7624,499,Realpoint,Support,Dania,,true,
02.02.2019,Outlander Sport,107.7,2358,264,Zoonder,,Guss,http://free.fr/eu/orci/mauris.js?dictumst=ultrices&maecenas=aliquet&ut=maecenas&massa=leo&quis=odio&augue=condimentum&luctus=id&tincidunt=luctus&nulla=nec&mollis=molestie&molestie=sed&lorem=justo&quisque=pellentesque&ut=viverra&erat=pede&curabitur=ac&gravida=diam&nisi=cras&at=pellentesque&nibh=volutpat&in=dui&hac=maecenas&habitasse=tristique&platea=est&dictumst=et&aliquam=tempus&augue=semper&quam=est&sollicitudin=quam&vitae=pharetra&consectetuer=magna&eget=ac&rutrum=consequat&at=metus&lorem=sapien&integer=ut&tincidunt=nunc&ante=vestibulum&vel=ante&ipsum=ipsum&praesent=primis&blandit=in&lacinia=faucibus&erat=orci&vestibulum=luctus&sed=et&magna=ultrices&at=posuere&nunc=cubilia&commodo=curae&placerat=mauris&praesent=viverra&blandit=diam&nam=vitae&nulla=quam&integer=suspendisse&pede=potenti&justo=nullam&lacinia=porttitor&eget=lacus&tincidunt=at&eget=turpis&tempus=donec&vel=posuere&pede=metus&morbi=vitae&porttitor=ipsum&lorem=aliquam&id=non&ligula=mauris&suspendisse=morbi&ornare=non&consequat=lectus&lectus=aliquam,,
02.06.2018,Fusion,62.2,5413,221,Youfeed,Product Management,Daffi,,false,
20.05.2019,Land Cruiser,113.8,7463,210,Yakijo,Services,Wally,https://omniture.com/posuere/cubilia/curae/donec/pharetra/magna/vestibulum.jsp?praesent=dui&blandit=nec&lacinia=nisi&erat=volutpat&vestibulum=eleifend&sed=donec&magna=ut&at=dolor&nunc=morbi&commodo=vel&placerat=lectus&praesent=in&blandit=quam&nam=fringilla&nulla=rhoncus&integer=mauris&pede=enim&justo=leo&lacinia=rhoncus&eget=sed&tincidunt=vestibulum&eget=sit&tempus=amet&vel=cursus&pede=id&morbi=turpis&porttitor=integer&lorem=aliquet&id=massa&ligula=id&suspendisse=lobortis&ornare=convallis&consequat=tortor&lectus=risus&in=dapibus&est=augue&risus=vel&auctor=accumsan&sed=tellus&tristique=nisi&in=eu&tempus=orci&sit=mauris&amet=lacinia&sem=sapien&fusce=quis&consequat=libero&nulla=nullam&nisl=sit&nunc=amet&nisl=turpis&duis=elementum&bibendum=ligula&felis=vehicula&sed=consequat&interdum=morbi&venenatis=a&turpis=ipsum&enim=integer&blandit=a&mi=nibh&in=in&porttitor=quis&pede=justo&justo=maecenas&eu=rhoncus&massa=aliquam&donec=lacus&dapibus=morbi&duis=quis&at=tortor&velit=id&eu=nulla&est=ultrices&congue=aliquet&elementum=maecenas,false,
23.05.2019,Aero 8,135.2,9392,733,Vinder,,Carley,https://angelfire.com/nec/dui/luctus/rutrum/nulla.json?quis=platea&justo=dictumst&maecenas=maecenas&rhoncus=ut&aliquam=massa&lacus=quis&morbi=augue&quis=luctus&tortor=tincidunt&id=nulla&nulla=mollis&ultrices=molestie&aliquet=lorem&maecenas=quisque&leo=ut&odio=erat&condimentum=curabitur&id=gravida&luctus=nisi&nec=at&molestie=nibh&sed=in&justo=hac&pellentesque=habitasse&viverra=platea&pede=dictumst&ac=aliquam&diam=augue&cras=quam&pellentesque=sollicitudin&volutpat=vitae&dui=consectetuer&maecenas=eget&tristique=rutrum&est=at&et=lorem&tempus=integer&semper=tincidunt&est=ante&quam=vel&pharetra=ipsum&magna=praesent&ac=blandit&consequat=lacinia&metus=erat&sapien=vestibulum&ut=sed&nunc=magna&vestibulum=at&ante=nunc&ipsum=commodo&primis=placerat&in=praesent&faucibus=blandit&orci=nam&luctus=nulla&et=integer&ultrices=pede&posuere=justo&cubilia=lacinia&curae=eget&mauris=tincidunt&viverra=eget&diam=tempus&vitae=vel&quam=pede&suspendisse=morbi&potenti=porttitor&nullam=lorem&porttitor=id&lacus=ligula&at=suspendisse&turpis=ornare&donec=consequat&posuere=lectus&metus=in&vitae=est&ipsum=risus&aliquam=auctor&non=sed&mauris=tristique&morbi=in&non=tempus&lectus=sit&aliquam=amet&sit=sem&amet=fusce&diam=consequat,,process improvement
23.01.2020,Murciélago,13.2,2859,841,Digitube,Engineering,Ellen,,false,
08.07.2018,745,67.4,8172,541,Yodel,Accounting,Latisha,http://springer.com/eu/sapien/cursus/vestibulum.json?cursus=pede&urna=justo&ut=eu&tellus=massa&nulla=donec&ut=dapibus&erat=duis&id=at&mauris=velit&vulputate=eu&elementum=est&nullam=congue&varius=elementum&nulla=in&facilisi=hac&cras=habitasse&non=platea&velit=dictumst&nec=morbi&nisi=vestibulum&vulputate=velit&nonummy=id&maecenas=pretium&tincidunt=iaculis&lacus=diam&at=erat&velit=fermentum&vivamus=justo&vel=nec&nulla=condimentum,,
13.11.2019,Sonata,68.5,9138,383,Fadeo,Research and Development,Reamonn,https://fda.gov/primis/in/faucibus.xml?lobortis=dolor&sapien=sit&sapien=amet&non=consectetuer&mi=adipiscing&integer=elit&ac=proin&neque=interdum&duis=mauris&bibendum=non&morbi=ligula&non=pellentesque&quam=ultrices&nec=phasellus&dui=id&luctus=sapien&rutrum=in&nulla=sapien&tellus=iaculis&in=congue&sagittis=vivamus&dui=metus&vel=arcu&nisl=adipiscing&duis=molestie&ac=hendrerit&nibh=at&fusce=vulputate&lacus=vitae&purus=nisl&aliquet=aenean&at=lectus&feugiat=pellentesque&non=eget&pretium=nunc&quis=donec&lectus=quis&suspendisse=orci&potenti=eget&in=orci&eleifend=vehicula&quam=condimentum&a=curabitur&odio=in&in=libero&hac=ut&habitasse=massa&platea=volutpat&dictumst=convallis&maecenas=morbi&ut=odio&massa=odio&quis=elementum&augue=eu&luctus=interdum&tincidunt=eu&nulla=tincidunt&mollis=in&molestie=leo&lorem=maecenas&quisque=pulvinar&ut=lobortis&erat=est&curabitur=phasellus&gravida=sit&nisi=amet&at=erat&nibh=nulla&in=tempus&hac=vivamus&habitasse=in&platea=felis&dictumst=eu,false,
09.09.2019,RDX,78.4,6903,352,Thoughtstorm,Support,Adolph,http://zimbio.com/nascetur/ridiculus/mus/vivamus.json?vel=tincidunt&nulla=nulla&eget=mollis&eros=molestie&elementum=lorem&pellentesque=quisque&quisque=ut&porta=erat&volutpat=curabitur&erat=gravida&quisque=nisi&erat=at&eros=nibh&viverra=in&eget=hac&congue=habitasse&eget=platea&semper=dictumst&rutrum=aliquam&nulla=augue&nunc=quam&purus=sollicitudin&phasellus=vitae&in=consectetuer&felis=eget&donec=rutrum&semper=at&sapien=lorem&a=integer&libero=tincidunt&nam=ante&dui=vel&proin=ipsum&leo=praesent&odio=blandit&porttitor=lacinia&id=erat&consequat=vestibulum&in=sed&consequat=magna&ut=at&nulla=nunc&sed=commodo&accumsan=placerat&felis=praesent&ut=blandit&at=nam&dolor=nulla&quis=integer&odio=pede&consequat=justo&varius=lacinia&integer=eget&ac=tincidunt&leo=eget&pellentesque=tempus&ultrices=vel&mattis=pede&odio=morbi&donec=porttitor&vitae=lorem&nisi=id&nam=ligula&ultrices=suspendisse&libero=ornare&non=consequat&mattis=lectus&pulvinar=in&nulla=est&pede=risus&ullamcorper=auctor&augue=sed&a=tristique&suscipit=in&nulla=tempus&elit=sit&ac=amet&nulla=sem&sed=fusce&vel=consequat&enim=nulla&sit=nisl&amet=nunc&nunc=nisl&viverra=duis&dapibus=bibendum&nulla=felis&suscipit=sed&ligula=interdum&in=venenatis&lacus=turpis&curabitur=enim&at=blandit&ipsum=mi&ac=in&tellus=porttitor&semper=pede,true,
02.03.2019,Impreza,105.6,8090,195,Viva,Services,Emmye,http://shareasale.com/condimentum/curabitur/in/libero/ut/massa.jsp?ut=praesent&erat=lectus&id=vestibulum&mauris=quam&vulputate=sapien&elementum=varius&nullam=ut&varius=blandit&nulla=non&facilisi=interdum&cras=in&non=ante&velit=vestibulum&nec=ante&nisi=ipsum&vulputate=primis&nonummy=in&maecenas=faucibus&tincidunt=orci&lacus=luctus&at=et&velit=ultrices&vivamus=posuere&vel=cubilia&nulla=curae&eget=duis&eros=faucibus&elementum=accumsan&pellentesque=odio&quisque=curabitur&porta=convallis&volutpat=duis&erat=consequat&quisque=dui&erat=nec&eros=nisi&viverra=volutpat&eget=eleifend&congue=donec&eget=ut&semper=dolor&rutrum=morbi&nulla=vel&nunc=lectus&purus=in&phasellus=quam&in=fringilla&felis=rhoncus&donec=mauris&semper=enim&sapien=leo&a=rhoncus&libero=sed&nam=vestibulum&dui=sit&proin=amet&leo=cursus&odio=id&porttitor=turpis&id=integer&consequat=aliquet&in=massa&consequat=id&ut=lobortis&nulla=convallis&sed=tortor&accumsan=risus&felis=dapibus&ut=augue&at=vel&dolor=accumsan&quis=tellus&odio=nisi&consequat=eu&varius=orci&integer=mauris&ac=lacinia&leo=sapien&pellentesque=quis&ultrices=libero&mattis=nullam&odio=sit&donec=amet&vitae=turpis&nisi=elementum&nam=ligula,false,Enhanced
27.06.2018,Suburban 1500,21.8,4177,156,Skilith,Services,Eliza,,true,
02.05.2018,Forte,128.3,4865,99,Yodo,Services,El,http://google.com.hk/laoreet/ut/rhoncus/aliquet/pulvinar/sed.html?viverra=eu&dapibus=magna&nulla=vulputate&suscipit=luctus&ligula=cum&in=sociis&lacus=natoque&curabitur=penatibus&at=et&ipsum=magnis&ac=dis&tellus=parturient&semper=montes&interdum=nascetur&mauris=ridiculus&ullamcorper=mus&purus=vivamus&sit=vestibulum,false,Operative
15.06.2019,Grand Vitara,136.7,4710,306,Wikizz,Sales,Stephenie,http://hatena.ne.jp/in/hac/habitasse/platea/dictumst.json?ligula=in&nec=hac&sem=habitasse&duis=platea&aliquam=dictumst&convallis=aliquam&nunc=augue&proin=quam&at=sollicitudin&turpis=vitae&a=consectetuer&pede=eget&posuere=rutrum&nonummy=at&integer=lorem&non=integer&velit=tincidunt&donec=ante&diam=vel&neque=ipsum&vestibulum=praesent&eget=blandit&vulputate=lacinia&ut=erat&ultrices=vestibulum&vel=sed&augue=magna&vestibulum=at&ante=nunc&ipsum=commodo&primis=placerat&in=praesent&faucibus=blandit&orci=nam&luctus=nulla&et=integer&ultrices=pede&posuere=justo&cubilia=lacinia&curae=eget&donec=tincidunt&pharetra=eget&magna=tempus&vestibulum=vel&aliquet=pede&ultrices=morbi&erat=porttitor&tortor=lorem&sollicitudin=id&mi=ligula&sit=suspendisse&amet=ornare&lobortis=consequat&sapien=lectus&sapien=in&non=est&mi=risus&integer=auctor&ac=sed&neque=tristique&duis=in&bibendum=tempus&morbi=sit&non=amet&quam=sem&nec=fusce&dui=consequat&luctus=nulla,false,reciprocal
10.08.2017,Crown Victoria,122.7,8092,692,Kwideo,,Bessie,http://time.com/semper.png?pellentesque=massa&at=tempor&nulla=convallis&suspendisse=nulla&potenti=neque&cras=libero&in=convallis&purus=eget&eu=eleifend&magna=luctus&vulputate=ultricies&luctus=eu&cum=nibh&sociis=quisque&natoque=id&penatibus=justo&et=sit&magnis=amet&dis=sapien&parturient=dignissim&montes=vestibulum&nascetur=vestibulum&ridiculus=ante&mus=ipsum&vivamus=primis&vestibulum=in&sagittis=faucibus&sapien=orci&cum=luctus&sociis=et&natoque=ultrices&penatibus=posuere&et=cubilia&magnis=curae&dis=nulla&parturient=dapibus&montes=dolor&nascetur=vel&ridiculus=est&mus=donec&etiam=odio&vel=justo&augue=sollicitudin&vestibulum=ut&rutrum=suscipit&rutrum=a&neque=feugiat&aenean=et&auctor=eros&gravida=vestibulum&sem=ac&praesent=est&id=lacinia,true,clear-thinking
21.07.2020,Ram Wagon B150,122.8,7235,703,Edgepulse,,Kellen,http://washington.edu/faucibus/orci/luctus.html?porta=tempus&volutpat=vivamus&quam=in&pede=felis&lobortis=eu&ligula=sapien&sit=cursus&amet=vestibulum&eleifend=proin&pede=eu&libero=mi&quis=nulla&orci=ac&nullam=enim&molestie=in&nibh=tempor&in=turpis&lectus=nec&pellentesque=euismod&at=scelerisque&nulla=quam&suspendisse=turpis&potenti=adipiscing&cras=lorem&in=vitae&purus=mattis&eu=nibh&magna=ligula&vulputate=nec&luctus=sem&cum=duis&sociis=aliquam&natoque=convallis&penatibus=nunc&et=proin&magnis=at&dis=turpis&parturient=a&montes=pede&nascetur=posuere&ridiculus=nonummy&mus=integer&vivamus=non&vestibulum=velit&sagittis=donec&sapien=diam&cum=neque&sociis=vestibulum&natoque=eget&penatibus=vulputate&et=ut&magnis=ultrices&dis=vel&parturient=augue&montes=vestibulum&nascetur=ante&ridiculus=ipsum&mus=primis&etiam=in&vel=faucibus&augue=orci&vestibulum=luctus&rutrum=et&rutrum=ultrices&neque=posuere&aenean=cubilia&auctor=curae&gravida=donec&sem=pharetra&praesent=magna&id=vestibulum&massa=aliquet&id=ultrices&nisl=erat&venenatis=tortor&lacinia=sollicitudin&aenean=mi&sit=sit&amet=amet&justo=lobortis&morbi=sapien&ut=sapien&odio=non,true,homogeneous
25.02.2017,F-Series,11.6,3066,189,Oyope,,Trescha,,false,budgetary management
24.07.2019,Prelude,136.4,7566,729,Oodoo,Training,Perla,,false,
27.12.2017,Accent,62.5,7603,346,Photobean,,Rickard,,false,
07.09.2019,57,135.2,4494,302,Bluejam,,Gaspar,,,
12.07.2019,4000s Quattro,114.7,9797,120,Skivee,Business Development,Tamas,,false,dynamic
31.12.2017,Savana 2500,131.6,7832,210,Dablist,,Calhoun,,false,
